CPU_GPU_Ratio,Throughput_MBps,Throughput_Rowsps
100:0,555.366,1.45586e+08
75:25,174.392,4.57159e+07
50:50,580.285,1.52118e+08
25:75,609.917,1.59886e+08
0:100,641.259,1.68102e+08
